x-axis,1
second,Volt
 -3.900000000000e-04,  8.53015e-01
 -3.896040000000e-04,  6.52010e-01
 -3.892080000000e-04,  6.52010e-01
 -3.888120000000e-04,  6.52010e-01
 -3.884160000000e-04,  8.53015e-01
 -3.880200000000e-04,  6.52010e-01
 -3.876240000000e-04,  6.52010e-01
 -3.872280000000e-04,  4.51005e-01
 -3.868320000000e-04,  2.50000e-01
 -3.864360000000e-04,  4.89950e-02
 -3.860400000000e-04,  4.89950e-02
 -3.856440000000e-04,  4.89950e-02
 -3.852480000000e-04, -1.52010e-01
 -3.848520000000e-04, -3.53015e-01
 -3.844560000000e-04, -7.55025e-01
 -3.840600000000e-04, -9.56030e-01
 -3.836640000000e-04, -1.35804e+00
 -3.832680000000e-04, -1.76005e+00
 -3.828720000000e-04, -1.76005e+00
 -3.824760000000e-04, -1.96106e+00
 -3.820800000000e-04, -2.56407e+00
 -3.816840000000e-04, -2.96608e+00
 -3.812880000000e-04, -3.16709e+00
 -3.808920000000e-04, -3.97111e+00
 -3.804960000000e-04, -4.37312e+00
 -3.801000000000e-04, -4.37312e+00
 -3.797040000000e-04, -4.97613e+00
 -3.793080000000e-04, -5.37814e+00
 -3.789120000000e-04, -5.98116e+00
 -3.785160000000e-04, -6.18216e+00
 -3.781200000000e-04, -6.78518e+00
 -3.777240000000e-04, -7.38819e+00
 -3.773280000000e-04, -7.58920e+00
 -3.769320000000e-04, -7.58920e+00
 -3.765360000000e-04, -8.19221e+00
 -3.761400000000e-04, -8.59422e+00
 -3.757440000000e-04, -8.59422e+00
 -3.753480000000e-04, -9.19724e+00
 -3.749520000000e-04, -9.59925e+00
 -3.745560000000e-04, -9.80025e+00
 -3.741600000000e-04, -9.80025e+00
 -3.737640000000e-04, -1.00013e+01
 -3.733680000000e-04, -1.04033e+01
 -3.729720000000e-04, -1.04033e+01
 -3.725760000000e-04, -1.06043e+01
 -3.721800000000e-04, -1.08053e+01
 -3.717840000000e-04, -1.10063e+01
 -3.713880000000e-04, -1.08053e+01
 -3.709920000000e-04, -1.08053e+01
 -3.705960000000e-04, -1.10063e+01
 -3.702000000000e-04, -1.08053e+01
 -3.698040000000e-04, -1.08053e+01
 -3.694080000000e-04, -1.08053e+01
 -3.690120000000e-04, -1.10063e+01
 -3.686160000000e-04, -1.06043e+01
 -3.682200000000e-04, -1.04033e+01
 -3.678240000000e-04, -1.04033e+01
 -3.674280000000e-04, -1.04033e+01
 -3.670320000000e-04, -1.00013e+01
 -3.666360000000e-04, -1.02023e+01
 -3.662400000000e-04, -1.02023e+01
 -3.658440000000e-04, -9.80025e+00
 -3.654480000000e-04, -9.39824e+00
 -3.650520000000e-04, -9.39824e+00
 -3.646560000000e-04, -9.39824e+00
 -3.642600000000e-04, -8.79523e+00
 -3.638640000000e-04, -8.79523e+00
 -3.634680000000e-04, -9.19724e+00
 -3.630720000000e-04, -8.59422e+00
 -3.626760000000e-04, -8.19221e+00
 -3.622800000000e-04, -7.99121e+00
 -3.618840000000e-04, -7.99121e+00
 -3.614880000000e-04, -7.79020e+00
 -3.610920000000e-04, -7.58920e+00
 -3.606960000000e-04, -7.79020e+00
 -3.603000000000e-04, -7.38819e+00
 -3.599040000000e-04, -6.78518e+00
 -3.595080000000e-04, -6.78518e+00
 -3.591120000000e-04, -6.98618e+00
 -3.587160000000e-04, -6.78518e+00
 -3.583200000000e-04, -6.38317e+00
 -3.579240000000e-04, -6.58417e+00
 -3.575280000000e-04, -6.58417e+00
 -3.571320000000e-04, -6.18216e+00
 -3.567360000000e-04, -5.98116e+00
 -3.563400000000e-04, -6.18216e+00
 -3.559440000000e-04, -6.18216e+00
 -3.555480000000e-04, -5.98116e+00
 -3.551520000000e-04, -6.18216e+00
 -3.547560000000e-04, -6.38317e+00
 -3.543600000000e-04, -5.98116e+00
 -3.539640000000e-04, -5.78015e+00
 -3.535680000000e-04, -5.98116e+00
 -3.531720000000e-04, -5.98116e+00
 -3.527760000000e-04, -5.78015e+00
 -3.523800000000e-04, -5.98116e+00
 -3.519840000000e-04, -6.18216e+00
 -3.515880000000e-04, -6.18216e+00
 -3.511920000000e-04, -5.98116e+00
 -3.507960000000e-04, -5.98116e+00
 -3.504000000000e-04, -6.38317e+00
 -3.500040000000e-04, -6.18216e+00
 -3.496080000000e-04, -6.38317e+00
 -3.492120000000e-04, -6.78518e+00
 -3.488160000000e-04, -6.78518e+00
 -3.484200000000e-04, -6.38317e+00
 -3.480240000000e-04, -6.58417e+00
 -3.476280000000e-04, -6.78518e+00
 -3.472320000000e-04, -6.78518e+00
 -3.468360000000e-04, -6.78518e+00
 -3.464400000000e-04, -7.18719e+00
 -3.460440000000e-04, -7.38819e+00
 -3.456480000000e-04, -7.18719e+00
 -3.452520000000e-04, -7.18719e+00
 -3.448560000000e-04, -7.58920e+00
 -3.444600000000e-04, -7.79020e+00
 -3.440640000000e-04, -7.99121e+00
 -3.436680000000e-04, -8.19221e+00
 -3.432720000000e-04, -8.79523e+00
 -3.428760000000e-04, -8.79523e+00
 -3.424800000000e-04, -8.79523e+00
 -3.420840000000e-04, -9.19724e+00
 -3.416880000000e-04, -9.59925e+00
 -3.412920000000e-04, -9.59925e+00
 -3.408960000000e-04, -1.00013e+01
 -3.405000000000e-04, -1.04033e+01
 -3.401040000000e-04, -1.06043e+01
 -3.397080000000e-04, -1.08053e+01
 -3.393120000000e-04, -1.10063e+01
 -3.389160000000e-04, -1.14083e+01
 -3.385200000000e-04, -1.16093e+01
 -3.381240000000e-04, -1.18103e+01
 -3.377280000000e-04, -1.22123e+01
 -3.373320000000e-04, -1.24133e+01
 -3.369360000000e-04, -1.26143e+01
 -3.365400000000e-04, -1.30163e+01
 -3.361440000000e-04, -1.32173e+01
 -3.357480000000e-04, -1.34183e+01
 -3.353520000000e-04, -1.36193e+01
 -3.349560000000e-04, -1.38204e+01
 -3.345600000000e-04, -1.38204e+01
 -3.341640000000e-04, -1.40214e+01
 -3.337680000000e-04, -1.40214e+01
 -3.333720000000e-04, -1.40214e+01
 -3.329760000000e-04, -1.42224e+01
 -3.325800000000e-04, -1.42224e+01
 -3.321840000000e-04, -1.42224e+01
 -3.317880000000e-04, -1.42224e+01
 -3.313920000000e-04, -1.42224e+01
 -3.309960000000e-04, -1.44234e+01
 -3.306000000000e-04, -1.44234e+01
 -3.302040000000e-04, -1.42224e+01
 -3.298080000000e-04, -1.42224e+01
 -3.294120000000e-04, -1.42224e+01
 -3.290160000000e-04, -1.40214e+01
 -3.286200000000e-04, -1.38204e+01
 -3.282240000000e-04, -1.36193e+01
 -3.278280000000e-04, -1.36193e+01
 -3.274320000000e-04, -1.36193e+01
 -3.270360000000e-04, -1.32173e+01
 -3.266400000000e-04, -1.32173e+01
 -3.262440000000e-04, -1.32173e+01
 -3.258480000000e-04, -1.30163e+01
 -3.254520000000e-04, -1.26143e+01
 -3.250560000000e-04, -1.26143e+01
 -3.246600000000e-04, -1.26143e+01
 -3.242640000000e-04, -1.22123e+01
 -3.238680000000e-04, -1.22123e+01
 -3.234720000000e-04, -1.22123e+01
 -3.230760000000e-04, -1.22123e+01
 -3.226800000000e-04, -1.18103e+01
 -3.222840000000e-04, -1.18103e+01
 -3.218880000000e-04, -1.18103e+01
 -3.214920000000e-04, -1.16093e+01
 -3.210960000000e-04, -1.14083e+01
 -3.207000000000e-04, -1.18103e+01
 -3.203040000000e-04, -1.16093e+01
 -3.199080000000e-04, -1.14083e+01
 -3.195120000000e-04, -1.12073e+01
 -3.191160000000e-04, -1.14083e+01
 -3.187200000000e-04, -1.12073e+01
 -3.183240000000e-04, -1.10063e+01
 -3.179280000000e-04, -1.14083e+01
 -3.175320000000e-04, -1.14083e+01
 -3.171360000000e-04, -1.12073e+01
 -3.167400000000e-04, -1.10063e+01
 -3.163440000000e-04, -1.10063e+01
 -3.159480000000e-04, -1.10063e+01
 -3.155520000000e-04, -1.10063e+01
 -3.151560000000e-04, -1.10063e+01
 -3.147600000000e-04, -1.14083e+01
 -3.143640000000e-04, -1.12073e+01
 -3.139680000000e-04, -1.10063e+01
 -3.135720000000e-04, -1.12073e+01
 -3.131760000000e-04, -1.12073e+01
 -3.127800000000e-04, -1.12073e+01
 -3.123840000000e-04, -1.14083e+01
 -3.119880000000e-04, -1.16093e+01
 -3.115920000000e-04, -1.14083e+01
 -3.111960000000e-04, -1.12073e+01
 -3.108000000000e-04, -1.14083e+01
 -3.104040000000e-04, -1.16093e+01
 -3.100080000000e-04, -1.14083e+01
 -3.096120000000e-04, -1.14083e+01
 -3.092160000000e-04, -1.20113e+01
 -3.088200000000e-04, -1.18103e+01
 -3.084240000000e-04, -1.16093e+01
 -3.080280000000e-04, -1.16093e+01
 -3.076320000000e-04, -1.18103e+01
 -3.072360000000e-04, -1.18103e+01
 -3.068400000000e-04, -1.20113e+01
 -3.064440000000e-04, -1.20113e+01
 -3.060480000000e-04, -1.22123e+01
 -3.056520000000e-04, -1.22123e+01
 -3.052560000000e-04, -1.20113e+01
 -3.048600000000e-04, -1.20113e+01
 -3.044640000000e-04, -1.22123e+01
 -3.040680000000e-04, -1.20113e+01
 -3.036720000000e-04, -1.22123e+01
 -3.032760000000e-04, -1.24133e+01
 -3.028800000000e-04, -1.22123e+01
 -3.024840000000e-04, -1.22123e+01
 -3.020880000000e-04, -1.22123e+01
 -3.016920000000e-04, -1.24133e+01
 -3.012960000000e-04, -1.22123e+01
 -3.009000000000e-04, -1.22123e+01
 -3.005040000000e-04, -1.24133e+01
 -3.001080000000e-04, -1.24133e+01
 -2.997120000000e-04, -1.20113e+01
 -2.993160000000e-04, -1.22123e+01
 -2.989200000000e-04, -1.24133e+01
 -2.985240000000e-04, -1.22123e+01
 -2.981280000000e-04, -1.22123e+01
 -2.977320000000e-04, -1.24133e+01
 -2.973360000000e-04, -1.24133e+01
 -2.969400000000e-04, -1.22123e+01
 -2.965440000000e-04, -1.20113e+01
 -2.961480000000e-04, -1.22123e+01
 -2.957520000000e-04, -1.22123e+01
 -2.953560000000e-04, -1.20113e+01
 -2.949600000000e-04, -1.22123e+01
 -2.945640000000e-04, -1.22123e+01
 -2.941680000000e-04, -1.20113e+01
 -2.937720000000e-04, -1.18103e+01
 -2.933760000000e-04, -1.20113e+01
 -2.929800000000e-04, -1.20113e+01
 -2.925840000000e-04, -1.18103e+01
 -2.921880000000e-04, -1.20113e+01
 -2.917920000000e-04, -1.22123e+01
 -2.913960000000e-04, -1.20113e+01
 -2.910000000000e-04, -1.18103e+01
 -2.906040000000e-04, -1.18103e+01
 -2.902080000000e-04, -1.18103e+01
 -2.898120000000e-04, -1.18103e+01
 -2.894160000000e-04, -1.20113e+01
 -2.890200000000e-04, -1.20113e+01
 -2.886240000000e-04, -1.18103e+01
 -2.882280000000e-04, -1.16093e+01
 -2.878320000000e-04, -1.18103e+01
 -2.874360000000e-04, -1.18103e+01
 -2.870400000000e-04, -1.18103e+01
 -2.866440000000e-04, -1.18103e+01
 -2.862480000000e-04, -1.20113e+01
 -2.858520000000e-04, -1.20113e+01
 -2.854560000000e-04, -1.16093e+01
 -2.850600000000e-04, -1.18103e+01
 -2.846640000000e-04, -1.18103e+01
 -2.842680000000e-04, -1.18103e+01
 -2.838720000000e-04, -1.16093e+01
 -2.834760000000e-04, -1.18103e+01
 -2.830800000000e-04, -1.20113e+01
 -2.826840000000e-04, -1.18103e+01
 -2.822880000000e-04, -1.16093e+01
 -2.818920000000e-04, -1.18103e+01
 -2.814960000000e-04, -1.18103e+01
 -2.811000000000e-04, -1.18103e+01
 -2.807040000000e-04, -1.20113e+01
 -2.803080000000e-04, -1.20113e+01
 -2.799120000000e-04, -1.16093e+01
 -2.795160000000e-04, -1.18103e+01
 -2.791200000000e-04, -1.18103e+01
 -2.787240000000e-04, -1.18103e+01
 -2.783280000000e-04, -1.18103e+01
 -2.779320000000e-04, -1.18103e+01
 -2.775360000000e-04, -1.22123e+01
 -2.771400000000e-04, -1.18103e+01
 -2.767440000000e-04, -1.18103e+01
 -2.763480000000e-04, -1.18103e+01
 -2.759520000000e-04, -1.18103e+01
 -2.755560000000e-04, -1.18103e+01
 -2.751600000000e-04, -1.20113e+01
 -2.747640000000e-04, -1.22123e+01
 -2.743680000000e-04, -1.20113e+01
 -2.739720000000e-04, -1.18103e+01
 -2.735760000000e-04, -1.20113e+01
 -2.731800000000e-04, -1.20113e+01
 -2.727840000000e-04, -1.18103e+01
 -2.723880000000e-04, -1.18103e+01
 -2.719920000000e-04, -1.22123e+01
 -2.715960000000e-04, -1.20113e+01
 -2.712000000000e-04, -1.18103e+01
 -2.708040000000e-04, -1.20113e+01
 -2.704080000000e-04, -1.22123e+01
 -2.700120000000e-04, -1.18103e+01
 -2.696160000000e-04, -1.20113e+01
 -2.692200000000e-04, -1.22123e+01
 -2.688240000000e-04, -1.22123e+01
 -2.684280000000e-04, -1.18103e+01
 -2.680320000000e-04, -1.18103e+01
 -2.676360000000e-04, -1.20113e+01
 -2.672400000000e-04, -1.20113e+01
 -2.668440000000e-04, -1.18103e+01
 -2.664480000000e-04, -1.20113e+01
 -2.660520000000e-04, -1.22123e+01
 -2.656560000000e-04, -1.18103e+01
 -2.652600000000e-04, -1.16093e+01
 -2.648640000000e-04, -1.16093e+01
 -2.644680000000e-04, -1.16093e+01
 -2.640720000000e-04, -1.12073e+01
 -2.636760000000e-04, -1.14083e+01
 -2.632800000000e-04, -1.14083e+01
 -2.628840000000e-04, -1.10063e+01
 -2.624880000000e-04, -1.06043e+01
 -2.620920000000e-04, -1.04033e+01
 -2.616960000000e-04, -1.04033e+01
 -2.613000000000e-04, -1.00013e+01
 -2.609040000000e-04, -9.80025e+00
 -2.605080000000e-04, -9.80025e+00
 -2.601120000000e-04, -9.39824e+00
 -2.597160000000e-04, -8.79523e+00
 -2.593200000000e-04, -8.79523e+00
 -2.589240000000e-04, -8.79523e+00
 -2.585280000000e-04, -8.19221e+00
 -2.581320000000e-04, -7.99121e+00
 -2.577360000000e-04, -8.19221e+00
 -2.573400000000e-04, -7.99121e+00
 -2.569440000000e-04, -7.18719e+00
 -2.565480000000e-04, -6.98618e+00
 -2.561520000000e-04, -6.98618e+00
 -2.557560000000e-04, -6.78518e+00
 -2.553600000000e-04, -6.38317e+00
 -2.549640000000e-04, -6.58417e+00
 -2.545680000000e-04, -6.58417e+00
 -2.541720000000e-04, -5.98116e+00
 -2.537760000000e-04, -5.57915e+00
 -2.533800000000e-04, -5.98116e+00
 -2.529840000000e-04, -5.78015e+00
 -2.525880000000e-04, -5.57915e+00
 -2.521920000000e-04, -5.57915e+00
 -2.517960000000e-04, -5.78015e+00
 -2.514000000000e-04, -5.37814e+00
 -2.510040000000e-04, -5.17714e+00
 -2.506080000000e-04, -5.17714e+00
 -2.502120000000e-04, -5.37814e+00
 -2.498160000000e-04, -5.17714e+00
 -2.494200000000e-04, -5.17714e+00
 -2.490240000000e-04, -5.78015e+00
 -2.486280000000e-04, -5.57915e+00
 -2.482320000000e-04, -5.17714e+00
 -2.478360000000e-04, -5.17714e+00
 -2.474400000000e-04, -5.57915e+00
 -2.470440000000e-04, -5.37814e+00
 -2.466480000000e-04, -5.57915e+00
 -2.462520000000e-04, -6.18216e+00
 -2.458560000000e-04, -6.18216e+00
 -2.454600000000e-04, -5.78015e+00
 -2.450640000000e-04, -5.78015e+00
 -2.446680000000e-04, -6.38317e+00
 -2.442720000000e-04, -6.18216e+00
 -2.438760000000e-04, -6.18216e+00
 -2.434800000000e-04, -6.58417e+00
 -2.430840000000e-04, -6.98618e+00
 -2.426880000000e-04, -6.58417e+00
 -2.422920000000e-04, -6.58417e+00
 -2.418960000000e-04, -6.98618e+00
 -2.415000000000e-04, -7.38819e+00
 -2.411040000000e-04, -7.18719e+00
 -2.407080000000e-04, -7.18719e+00
 -2.403120000000e-04, -7.79020e+00
 -2.399160000000e-04, -7.58920e+00
 -2.395200000000e-04, -7.18719e+00
 -2.391240000000e-04, -7.58920e+00
 -2.387280000000e-04, -7.79020e+00
 -2.383320000000e-04, -7.58920e+00
 -2.379360000000e-04, -7.99121e+00
 -2.375400000000e-04, -8.19221e+00
 -2.371440000000e-04, -8.19221e+00
 -2.367480000000e-04, -7.79020e+00
 -2.363520000000e-04, -7.99121e+00
 -2.359560000000e-04, -8.19221e+00
 -2.355600000000e-04, -7.99121e+00
 -2.351640000000e-04, -7.99121e+00
 -2.347680000000e-04, -8.39322e+00
 -2.343720000000e-04, -8.39322e+00
 -2.339760000000e-04, -8.19221e+00
 -2.335800000000e-04, -7.99121e+00
 -2.331840000000e-04, -8.39322e+00
 -2.327880000000e-04, -8.19221e+00
 -2.323920000000e-04, -7.99121e+00
 -2.319960000000e-04, -8.39322e+00
 -2.316000000000e-04, -8.59422e+00
 -2.312040000000e-04, -8.19221e+00
 -2.308080000000e-04, -7.79020e+00
 -2.304120000000e-04, -8.19221e+00
 -2.300160000000e-04, -8.19221e+00
 -2.296200000000e-04, -7.99121e+00
 -2.292240000000e-04, -7.99121e+00
 -2.288280000000e-04, -8.39322e+00
 -2.284320000000e-04, -7.99121e+00
 -2.280360000000e-04, -7.58920e+00
 -2.276400000000e-04, -7.79020e+00
 -2.272440000000e-04, -7.79020e+00
 -2.268480000000e-04, -7.58920e+00
 -2.264520000000e-04, -7.58920e+00
 -2.260560000000e-04, -7.79020e+00
 -2.256600000000e-04, -7.58920e+00
 -2.252640000000e-04, -6.98618e+00
 -2.248680000000e-04, -6.78518e+00
 -2.244720000000e-04, -6.98618e+00
 -2.240760000000e-04, -6.58417e+00
 -2.236800000000e-04, -6.38317e+00
 -2.232840000000e-04, -6.38317e+00
 -2.228880000000e-04, -5.78015e+00
 -2.224920000000e-04, -4.97613e+00
 -2.220960000000e-04, -4.97613e+00
 -2.217000000000e-04, -4.57412e+00
 -2.213040000000e-04, -4.17211e+00
 -2.209080000000e-04, -3.97111e+00
 -2.205120000000e-04, -3.56910e+00
 -2.201160000000e-04, -3.16709e+00
 -2.197200000000e-04, -2.76508e+00
 -2.193240000000e-04, -1.96106e+00
 -2.189280000000e-04, -1.55905e+00
 -2.185320000000e-04, -1.15704e+00
 -2.181360000000e-04, -1.15704e+00
 -2.177400000000e-04, -7.55025e-01
 -2.173440000000e-04, -3.53015e-01
 -2.169480000000e-04, -1.52010e-01
 -2.165520000000e-04,  4.51005e-01
 -2.161560000000e-04,  8.53015e-01
 -2.157600000000e-04,  1.25503e+00
 -2.153640000000e-04,  1.25503e+00
 -2.149680000000e-04,  1.45603e+00
 -2.145720000000e-04,  1.85804e+00
 -2.141760000000e-04,  2.05905e+00
 -2.137800000000e-04,  2.26005e+00
 -2.133840000000e-04,  2.66206e+00
 -2.129880000000e-04,  2.86307e+00
 -2.125920000000e-04,  2.86307e+00
 -2.121960000000e-04,  2.66206e+00
 -2.118000000000e-04,  2.86307e+00
 -2.114040000000e-04,  3.06407e+00
 -2.110080000000e-04,  3.06407e+00
 -2.106120000000e-04,  3.26508e+00
 -2.102160000000e-04,  3.46608e+00
 -2.098200000000e-04,  3.26508e+00
 -2.094240000000e-04,  2.86307e+00
 -2.090280000000e-04,  3.06407e+00
 -2.086320000000e-04,  3.06407e+00
 -2.082360000000e-04,  3.06407e+00
 -2.078400000000e-04,  3.06407e+00
 -2.074440000000e-04,  3.06407e+00
 -2.070480000000e-04,  2.86307e+00
 -2.066520000000e-04,  2.46106e+00
 -2.062560000000e-04,  2.26005e+00
 -2.058600000000e-04,  2.26005e+00
 -2.054640000000e-04,  2.05905e+00
 -2.050680000000e-04,  2.05905e+00
 -2.046720000000e-04,  2.05905e+00
 -2.042760000000e-04,  1.85804e+00
 -2.038800000000e-04,  1.45603e+00
 -2.034840000000e-04,  1.05402e+00
 -2.030880000000e-04,  8.53015e-01
 -2.026920000000e-04,  8.53015e-01
 -2.022960000000e-04,  6.52010e-01
 -2.019000000000e-04,  6.52010e-01
 -2.015040000000e-04,  4.51005e-01
 -2.011080000000e-04,  2.50000e-01
 -2.007120000000e-04,  4.89950e-02
 -2.003160000000e-04, -1.52010e-01
 -1.999200000000e-04, -3.53015e-01
 -1.995240000000e-04, -3.53015e-01
 -1.991280000000e-04, -3.53015e-01
 -1.987320000000e-04, -5.54020e-01
 -1.983360000000e-04, -7.55025e-01
 -1.979400000000e-04, -9.56030e-01
 -1.975440000000e-04, -1.15704e+00
 -1.971480000000e-04, -1.15704e+00
 -1.967520000000e-04, -1.15704e+00
 -1.963560000000e-04, -9.56030e-01
 -1.959600000000e-04, -1.15704e+00
 -1.955640000000e-04, -1.35804e+00
 -1.951680000000e-04, -1.35804e+00
 -1.947720000000e-04, -1.35804e+00
 -1.943760000000e-04, -1.55905e+00
 -1.939800000000e-04, -1.35804e+00
 -1.935840000000e-04, -1.35804e+00
 -1.931880000000e-04, -1.35804e+00
 -1.927920000000e-04, -1.35804e+00
 -1.923960000000e-04, -1.35804e+00
 -1.920000000000e-04, -1.35804e+00
 -1.916040000000e-04, -1.55905e+00
 -1.912080000000e-04, -1.35804e+00
 -1.908120000000e-04, -1.15704e+00
 -1.904160000000e-04, -9.56030e-01
 -1.900200000000e-04, -9.56030e-01
 -1.896240000000e-04, -9.56030e-01
 -1.892280000000e-04, -1.15704e+00
 -1.888320000000e-04, -1.15704e+00
 -1.884360000000e-04, -9.56030e-01
 -1.880400000000e-04, -7.55025e-01
 -1.876440000000e-04, -5.54020e-01
 -1.872480000000e-04, -5.54020e-01
 -1.868520000000e-04, -5.54020e-01
 -1.864560000000e-04, -5.54020e-01
 -1.860600000000e-04, -5.54020e-01
 -1.856640000000e-04, -3.53015e-01
 -1.852680000000e-04, -1.52010e-01
 -1.848720000000e-04,  4.89950e-02
 -1.844760000000e-04,  6.52010e-01
 -1.840800000000e-04,  8.53015e-01
 -1.836840000000e-04,  8.53015e-01
 -1.832880000000e-04,  8.53015e-01
 -1.828920000000e-04,  1.45603e+00
 -1.824960000000e-04,  1.85804e+00
 -1.821000000000e-04,  2.26005e+00
 -1.817040000000e-04,  2.86307e+00
 -1.813080000000e-04,  3.26508e+00
 -1.809120000000e-04,  3.26508e+00
 -1.805160000000e-04,  3.66709e+00
 -1.801200000000e-04,  4.47111e+00
 -1.797240000000e-04,  4.87312e+00
 -1.793280000000e-04,  5.07412e+00
 -1.789320000000e-04,  5.67714e+00
 -1.785360000000e-04,  6.48116e+00
 -1.781400000000e-04,  6.48116e+00
 -1.777440000000e-04,  6.68216e+00
 -1.773480000000e-04,  7.08417e+00
 -1.769520000000e-04,  7.68719e+00
 -1.765560000000e-04,  7.88819e+00
 -1.761600000000e-04,  8.29020e+00
 -1.757640000000e-04,  8.89322e+00
 -1.753680000000e-04,  8.89322e+00
 -1.749720000000e-04,  9.09422e+00
 -1.745760000000e-04,  9.29523e+00
 -1.741800000000e-04,  9.69724e+00
 -1.737840000000e-04,  9.89824e+00
 -1.733880000000e-04,  1.00992e+01
 -1.729920000000e-04,  1.03003e+01
 -1.725960000000e-04,  1.03003e+01
 -1.722000000000e-04,  1.03003e+01
 -1.718040000000e-04,  1.05013e+01
 -1.714080000000e-04,  1.07023e+01
 -1.710120000000e-04,  1.07023e+01
 -1.706160000000e-04,  1.05013e+01
 -1.702200000000e-04,  1.07023e+01
 -1.698240000000e-04,  1.07023e+01
 -1.694280000000e-04,  1.05013e+01
 -1.690320000000e-04,  1.05013e+01
 -1.686360000000e-04,  1.05013e+01
 -1.682400000000e-04,  1.03003e+01
 -1.678440000000e-04,  1.00992e+01
 -1.674480000000e-04,  1.03003e+01
 -1.670520000000e-04,  1.03003e+01
 -1.666560000000e-04,  9.89824e+00
 -1.662600000000e-04,  9.49623e+00
 -1.658640000000e-04,  9.49623e+00
 -1.654680000000e-04,  9.49623e+00
 -1.650720000000e-04,  9.09422e+00
 -1.646760000000e-04,  9.09422e+00
 -1.642800000000e-04,  9.29523e+00
 -1.638840000000e-04,  8.89322e+00
 -1.634880000000e-04,  8.29020e+00
 -1.630920000000e-04,  8.29020e+00
 -1.626960000000e-04,  8.29020e+00
 -1.623000000000e-04,  7.88819e+00
 -1.619040000000e-04,  7.88819e+00
 -1.615080000000e-04,  7.88819e+00
 -1.611120000000e-04,  7.68719e+00
 -1.607160000000e-04,  7.08417e+00
 -1.603200000000e-04,  6.88317e+00
 -1.599240000000e-04,  7.08417e+00
 -1.595280000000e-04,  6.88317e+00
 -1.591320000000e-04,  6.48116e+00
 -1.587360000000e-04,  6.88317e+00
 -1.583400000000e-04,  6.68216e+00
 -1.579440000000e-04,  6.07915e+00
 -1.575480000000e-04,  5.87814e+00
 -1.571520000000e-04,  6.07915e+00
 -1.567560000000e-04,  6.07915e+00
 -1.563600000000e-04,  5.87814e+00
 -1.559640000000e-04,  6.07915e+00
 -1.555680000000e-04,  6.07915e+00
 -1.551720000000e-04,  5.87814e+00
 -1.547760000000e-04,  5.67714e+00
 -1.543800000000e-04,  5.87814e+00
 -1.539840000000e-04,  5.87814e+00
 -1.535880000000e-04,  5.67714e+00
 -1.531920000000e-04,  5.67714e+00
 -1.527960000000e-04,  6.07915e+00
 -1.524000000000e-04,  6.07915e+00
 -1.520040000000e-04,  5.47613e+00
 -1.516080000000e-04,  5.87814e+00
 -1.512120000000e-04,  6.07915e+00
 -1.508160000000e-04,  5.87814e+00
 -1.504200000000e-04,  5.87814e+00
 -1.500240000000e-04,  6.28015e+00
 -1.496280000000e-04,  6.48116e+00
 -1.492320000000e-04,  6.07915e+00
 -1.488360000000e-04,  6.07915e+00
 -1.484400000000e-04,  6.48116e+00
 -1.480440000000e-04,  6.48116e+00
 -1.476480000000e-04,  6.48116e+00
 -1.472520000000e-04,  6.68216e+00
 -1.468560000000e-04,  6.88317e+00
 -1.464600000000e-04,  6.68216e+00
 -1.460640000000e-04,  6.68216e+00
 -1.456680000000e-04,  7.08417e+00
 -1.452720000000e-04,  7.28518e+00
 -1.448760000000e-04,  7.28518e+00
 -1.444800000000e-04,  7.68719e+00
 -1.440840000000e-04,  8.08920e+00
 -1.436880000000e-04,  7.88819e+00
 -1.432920000000e-04,  7.88819e+00
 -1.428960000000e-04,  8.29020e+00
 -1.425000000000e-04,  8.69221e+00
 -1.421040000000e-04,  8.89322e+00
 -1.417080000000e-04,  9.09422e+00
 -1.413120000000e-04,  9.69724e+00
 -1.409160000000e-04,  9.69724e+00
 -1.405200000000e-04,  9.89824e+00
 -1.401240000000e-04,  1.03003e+01
 -1.397280000000e-04,  1.07023e+01
 -1.393320000000e-04,  1.09033e+01
 -1.389360000000e-04,  1.13053e+01
 -1.385400000000e-04,  1.15063e+01
 -1.381440000000e-04,  1.19083e+01
 -1.377480000000e-04,  1.19083e+01
 -1.373520000000e-04,  1.23103e+01
 -1.369560000000e-04,  1.25113e+01
 -1.365600000000e-04,  1.25113e+01
 -1.361640000000e-04,  1.31143e+01
 -1.357680000000e-04,  1.31143e+01
 -1.353720000000e-04,  1.33153e+01
 -1.349760000000e-04,  1.35163e+01
 -1.345800000000e-04,  1.35163e+01
 -1.341840000000e-04,  1.37173e+01
 -1.337880000000e-04,  1.37173e+01
 -1.333920000000e-04,  1.37173e+01
 -1.329960000000e-04,  1.39183e+01
 -1.326000000000e-04,  1.39183e+01
 -1.322040000000e-04,  1.41193e+01
 -1.318080000000e-04,  1.39183e+01
 -1.314120000000e-04,  1.41193e+01
 -1.310160000000e-04,  1.41193e+01
 -1.306200000000e-04,  1.39183e+01
 -1.302240000000e-04,  1.41193e+01
 -1.298280000000e-04,  1.41193e+01
 -1.294320000000e-04,  1.41193e+01
 -1.290360000000e-04,  1.39183e+01
 -1.286400000000e-04,  1.37173e+01
 -1.282440000000e-04,  1.37173e+01
 -1.278480000000e-04,  1.35163e+01
 -1.274520000000e-04,  1.33153e+01
 -1.270560000000e-04,  1.33153e+01
 -1.266600000000e-04,  1.31143e+01
 -1.262640000000e-04,  1.27123e+01
 -1.258680000000e-04,  1.29133e+01
 -1.254720000000e-04,  1.27123e+01
 -1.250760000000e-04,  1.27123e+01
 -1.246800000000e-04,  1.23103e+01
 -1.242840000000e-04,  1.23103e+01
 -1.238880000000e-04,  1.23103e+01
 -1.234920000000e-04,  1.17073e+01
 -1.230960000000e-04,  1.17073e+01
 -1.227000000000e-04,  1.19083e+01
 -1.223040000000e-04,  1.15063e+01
 -1.219080000000e-04,  1.15063e+01
 -1.215120000000e-04,  1.15063e+01
 -1.211160000000e-04,  1.15063e+01
 -1.207200000000e-04,  1.11043e+01
 -1.203240000000e-04,  1.11043e+01
 -1.199280000000e-04,  1.11043e+01
 -1.195320000000e-04,  1.11043e+01
 -1.191360000000e-04,  1.09033e+01
 -1.187400000000e-04,  1.11043e+01
 -1.183440000000e-04,  1.11043e+01
 -1.179480000000e-04,  1.09033e+01
 -1.175520000000e-04,  1.07023e+01
 -1.171560000000e-04,  1.09033e+01
 -1.167600000000e-04,  1.09033e+01
 -1.163640000000e-04,  1.07023e+01
 -1.159680000000e-04,  1.07023e+01
 -1.155720000000e-04,  1.09033e+01
 -1.151760000000e-04,  1.09033e+01
 -1.147800000000e-04,  1.07023e+01
 -1.143840000000e-04,  1.09033e+01
 -1.139880000000e-04,  1.11043e+01
 -1.135920000000e-04,  1.09033e+01
 -1.131960000000e-04,  1.09033e+01
 -1.128000000000e-04,  1.13053e+01
 -1.124040000000e-04,  1.09033e+01
 -1.120080000000e-04,  1.09033e+01
 -1.116120000000e-04,  1.11043e+01
 -1.112160000000e-04,  1.13053e+01
 -1.108200000000e-04,  1.11043e+01
 -1.104240000000e-04,  1.11043e+01
 -1.100280000000e-04,  1.11043e+01
 -1.096320000000e-04,  1.13053e+01
 -1.092360000000e-04,  1.13053e+01
 -1.088400000000e-04,  1.13053e+01
 -1.084440000000e-04,  1.15063e+01
 -1.080480000000e-04,  1.15063e+01
 -1.076520000000e-04,  1.15063e+01
 -1.072560000000e-04,  1.15063e+01
 -1.068600000000e-04,  1.17073e+01
 -1.064640000000e-04,  1.17073e+01
 -1.060680000000e-04,  1.17073e+01
 -1.056720000000e-04,  1.17073e+01
 -1.052760000000e-04,  1.19083e+01
 -1.048800000000e-04,  1.17073e+01
 -1.044840000000e-04,  1.19083e+01
 -1.040880000000e-04,  1.21093e+01
 -1.036920000000e-04,  1.19083e+01
 -1.032960000000e-04,  1.19083e+01
 -1.029000000000e-04,  1.21093e+01
 -1.025040000000e-04,  1.21093e+01
 -1.021080000000e-04,  1.19083e+01
 -1.017120000000e-04,  1.21093e+01
 -1.013160000000e-04,  1.21093e+01
 -1.009200000000e-04,  1.23103e+01
 -1.005240000000e-04,  1.21093e+01
 -1.001280000000e-04,  1.21093e+01
 -9.973200000000e-05,  1.21093e+01
 -9.933600000000e-05,  1.19083e+01
 -9.894000000000e-05,  1.21093e+01
 -9.854400000000e-05,  1.21093e+01
 -9.814800000000e-05,  1.19083e+01
 -9.775200000000e-05,  1.21093e+01
 -9.735600000000e-05,  1.21093e+01
 -9.696000000000e-05,  1.21093e+01
 -9.656400000000e-05,  1.19083e+01
 -9.616800000000e-05,  1.19083e+01
 -9.577200000000e-05,  1.19083e+01
 -9.537600000000e-05,  1.19083e+01
 -9.498000000000e-05,  1.19083e+01
 -9.458400000000e-05,  1.17073e+01
 -9.418800000000e-05,  1.19083e+01
 -9.379200000000e-05,  1.19083e+01
 -9.339600000000e-05,  1.17073e+01
 -9.300000000000e-05,  1.17073e+01
 -9.260400000000e-05,  1.19083e+01
 -9.220800000000e-05,  1.17073e+01
 -9.181200000000e-05,  1.15063e+01
 -9.141600000000e-05,  1.19083e+01
 -9.102000000000e-05,  1.19083e+01
 -9.062400000000e-05,  1.15063e+01
 -9.022800000000e-05,  1.17073e+01
 -8.983200000000e-05,  1.17073e+01
 -8.943600000000e-05,  1.15063e+01
 -8.904000000000e-05,  1.13053e+01
 -8.864400000000e-05,  1.17073e+01
 -8.824800000000e-05,  1.15063e+01
 -8.785200000000e-05,  1.13053e+01
 -8.745600000000e-05,  1.15063e+01
 -8.706000000000e-05,  1.17073e+01
 -8.666400000000e-05,  1.15063e+01
 -8.626800000000e-05,  1.13053e+01
 -8.587200000000e-05,  1.15063e+01
 -8.547600000000e-05,  1.15063e+01
 -8.508000000000e-05,  1.15063e+01
 -8.468400000000e-05,  1.13053e+01
 -8.428800000000e-05,  1.17073e+01
 -8.389200000000e-05,  1.15063e+01
 -8.349600000000e-05,  1.15063e+01
 -8.310000000000e-05,  1.15063e+01
 -8.270400000000e-05,  1.17073e+01
 -8.230800000000e-05,  1.15063e+01
 -8.191200000000e-05,  1.15063e+01
 -8.151600000000e-05,  1.17073e+01
 -8.112000000000e-05,  1.17073e+01
 -8.072400000000e-05,  1.15063e+01
 -8.032800000000e-05,  1.17073e+01
 -7.993200000000e-05,  1.15063e+01
 -7.953600000000e-05,  1.17073e+01
 -7.914000000000e-05,  1.15063e+01
 -7.874400000000e-05,  1.17073e+01
 -7.834800000000e-05,  1.17073e+01
 -7.795200000000e-05,  1.17073e+01
 -7.755600000000e-05,  1.17073e+01
 -7.716000000000e-05,  1.19083e+01
 -7.676400000000e-05,  1.17073e+01
 -7.636800000000e-05,  1.17073e+01
 -7.597200000000e-05,  1.17073e+01
 -7.557600000000e-05,  1.19083e+01
 -7.518000000000e-05,  1.17073e+01
 -7.478400000000e-05,  1.15063e+01
 -7.438800000000e-05,  1.17073e+01
 -7.399200000000e-05,  1.17073e+01
 -7.359600000000e-05,  1.17073e+01
 -7.320000000000e-05,  1.17073e+01
 -7.280400000000e-05,  1.21093e+01
 -7.240800000000e-05,  1.17073e+01
 -7.201200000000e-05,  1.17073e+01
 -7.161600000000e-05,  1.17073e+01
 -7.122000000000e-05,  1.19083e+01
 -7.082400000000e-05,  1.17073e+01
 -7.042800000000e-05,  1.17073e+01
 -7.003200000000e-05,  1.19083e+01
 -6.963600000000e-05,  1.17073e+01
 -6.924000000000e-05,  1.17073e+01
 -6.884400000000e-05,  1.17073e+01
 -6.844800000000e-05,  1.19083e+01
 -6.805200000000e-05,  1.17073e+01
 -6.765600000000e-05,  1.17073e+01
 -6.726000000000e-05,  1.19083e+01
 -6.686400000000e-05,  1.19083e+01
 -6.646800000000e-05,  1.15063e+01
 -6.607200000000e-05,  1.15063e+01
 -6.567600000000e-05,  1.17073e+01
 -6.528000000000e-05,  1.15063e+01
 -6.488400000000e-05,  1.15063e+01
 -6.448800000000e-05,  1.15063e+01
 -6.409200000000e-05,  1.13053e+01
 -6.369600000000e-05,  1.07023e+01
 -6.330000000000e-05,  1.07023e+01
 -6.290400000000e-05,  1.09033e+01
 -6.250800000000e-05,  1.07023e+01
 -6.211200000000e-05,  1.00992e+01
 -6.171600000000e-05,  1.00992e+01
 -6.132000000000e-05,  1.00992e+01
 -6.092400000000e-05,  9.69724e+00
 -6.052800000000e-05,  9.09422e+00
 -6.013200000000e-05,  9.09422e+00
 -5.973600000000e-05,  9.09422e+00
 -5.934000000000e-05,  8.49121e+00
 -5.894400000000e-05,  8.49121e+00
 -5.854800000000e-05,  8.49121e+00
 -5.815200000000e-05,  8.08920e+00
 -5.775600000000e-05,  7.48618e+00
 -5.736000000000e-05,  7.48618e+00
 -5.696400000000e-05,  7.28518e+00
 -5.656800000000e-05,  6.88317e+00
 -5.617200000000e-05,  6.68216e+00
 -5.577600000000e-05,  6.88317e+00
 -5.538000000000e-05,  6.68216e+00
 -5.498400000000e-05,  6.07915e+00
 -5.458800000000e-05,  5.87814e+00
 -5.419200000000e-05,  6.07915e+00
 -5.379600000000e-05,  5.67714e+00
 -5.340000000000e-05,  5.47613e+00
 -5.300400000000e-05,  5.67714e+00
 -5.260800000000e-05,  5.67714e+00
 -5.221200000000e-05,  5.27513e+00
 -5.181600000000e-05,  4.87312e+00
 -5.142000000000e-05,  5.27513e+00
 -5.102400000000e-05,  5.27513e+00
 -5.062800000000e-05,  5.07412e+00
 -5.023200000000e-05,  5.27513e+00
 -4.983600000000e-05,  5.47613e+00
 -4.944000000000e-05,  5.07412e+00
 -4.904400000000e-05,  4.87312e+00
 -4.864800000000e-05,  5.07412e+00
 -4.825200000000e-05,  5.27513e+00
 -4.785600000000e-05,  5.27513e+00
 -4.746000000000e-05,  5.47613e+00
 -4.706400000000e-05,  5.67714e+00
 -4.666800000000e-05,  5.67714e+00
 -4.627200000000e-05,  5.47613e+00
 -4.587600000000e-05,  5.67714e+00
 -4.548000000000e-05,  5.87814e+00
 -4.508400000000e-05,  5.87814e+00
 -4.468800000000e-05,  5.87814e+00
 -4.429200000000e-05,  6.48116e+00
 -4.389600000000e-05,  6.48116e+00
 -4.350000000000e-05,  6.07915e+00
 -4.310400000000e-05,  6.07915e+00
 -4.270800000000e-05,  6.68216e+00
 -4.231200000000e-05,  6.68216e+00
 -4.191600000000e-05,  6.88317e+00
 -4.152000000000e-05,  6.88317e+00
 -4.112400000000e-05,  7.28518e+00
 -4.072800000000e-05,  6.88317e+00
 -4.033200000000e-05,  6.88317e+00
 -3.993600000000e-05,  7.28518e+00
 -3.954000000000e-05,  7.48618e+00
 -3.914400000000e-05,  7.28518e+00
 -3.874800000000e-05,  7.48618e+00
 -3.835200000000e-05,  7.88819e+00
 -3.795600000000e-05,  7.68719e+00
 -3.756000000000e-05,  7.48618e+00
 -3.716400000000e-05,  7.68719e+00
 -3.676800000000e-05,  7.88819e+00
 -3.637200000000e-05,  7.88819e+00
 -3.597600000000e-05,  7.88819e+00
 -3.558000000000e-05,  8.08920e+00
 -3.518400000000e-05,  8.08920e+00
 -3.478800000000e-05,  7.68719e+00
 -3.439200000000e-05,  7.88819e+00
 -3.399600000000e-05,  8.08920e+00
 -3.360000000000e-05,  8.08920e+00
 -3.320400000000e-05,  7.88819e+00
 -3.280800000000e-05,  8.29020e+00
 -3.241200000000e-05,  8.08920e+00
 -3.201600000000e-05,  7.68719e+00
 -3.162000000000e-05,  7.68719e+00
 -3.122400000000e-05,  8.08920e+00
 -3.082800000000e-05,  7.88819e+00
 -3.043200000000e-05,  7.68719e+00
 -3.003600000000e-05,  7.88819e+00
 -2.964000000000e-05,  8.08920e+00
 -2.924400000000e-05,  7.48618e+00
 -2.884800000000e-05,  7.48618e+00
 -2.845200000000e-05,  7.68719e+00
 -2.805600000000e-05,  7.68719e+00
 -2.766000000000e-05,  7.48618e+00
 -2.726400000000e-05,  7.48618e+00
 -2.686800000000e-05,  7.88819e+00
 -2.647200000000e-05,  7.48618e+00
 -2.607600000000e-05,  7.08417e+00
 -2.568000000000e-05,  7.08417e+00
 -2.528400000000e-05,  7.08417e+00
 -2.488800000000e-05,  6.88317e+00
 -2.449200000000e-05,  6.68216e+00
 -2.409600000000e-05,  6.68216e+00
 -2.370000000000e-05,  6.28015e+00
 -2.330400000000e-05,  5.47613e+00
 -2.290800000000e-05,  5.47613e+00
 -2.251200000000e-05,  5.07412e+00
 -2.211600000000e-05,  4.67211e+00
 -2.172000000000e-05,  4.47111e+00
 -2.132400000000e-05,  4.27010e+00
 -2.092800000000e-05,  3.66709e+00
 -2.053200000000e-05,  3.06407e+00
 -2.013600000000e-05,  2.86307e+00
 -1.974000000000e-05,  2.46106e+00
 -1.934400000000e-05,  2.05905e+00
 -1.894800000000e-05,  1.85804e+00
 -1.855200000000e-05,  1.45603e+00
 -1.815600000000e-05,  8.53015e-01
 -1.776000000000e-05,  4.51005e-01
 -1.736400000000e-05,  4.89950e-02
 -1.696800000000e-05, -5.54020e-01
 -1.657200000000e-05, -5.54020e-01
 -1.617600000000e-05, -7.55025e-01
 -1.578000000000e-05, -1.15704e+00
 -1.538400000000e-05, -1.35804e+00
 -1.498800000000e-05, -1.76005e+00
 -1.459200000000e-05, -2.16206e+00
 -1.419600000000e-05, -2.56407e+00
 -1.380000000000e-05, -2.76508e+00
 -1.340400000000e-05, -2.56407e+00
 -1.300800000000e-05, -2.76508e+00
 -1.261200000000e-05, -2.96608e+00
 -1.221600000000e-05, -3.16709e+00
 -1.182000000000e-05, -3.16709e+00
 -1.142400000000e-05, -3.56910e+00
 -1.102800000000e-05, -3.56910e+00
 -1.063200000000e-05, -3.36809e+00
 -1.023600000000e-05, -3.16709e+00
 -9.840000000000e-06, -3.16709e+00
 -9.444000000000e-06, -3.36809e+00
 -9.048000000000e-06, -3.16709e+00
 -8.652000000000e-06, -3.36809e+00
 -8.256000000000e-06, -3.36809e+00
 -7.860000000000e-06, -3.36809e+00
 -7.464000000000e-06, -2.76508e+00
 -7.068000000000e-06, -2.96608e+00
 -6.672000000000e-06, -2.76508e+00
 -6.276000000000e-06, -2.76508e+00
 -5.880000000000e-06, -2.56407e+00
 -5.484000000000e-06, -2.56407e+00
 -5.088000000000e-06, -2.16206e+00
 -4.692000000000e-06, -1.96106e+00
 -4.296000000000e-06, -1.55905e+00
 -3.900000000000e-06, -1.55905e+00
 -3.504000000000e-06, -1.35804e+00
 -3.108000000000e-06, -1.15704e+00
 -2.712000000000e-06, -1.15704e+00
 -2.316000000000e-06, -1.15704e+00
 -1.920000000000e-06, -5.54020e-01
 -1.524000000000e-06, -5.54020e-01
 -1.128000000000e-06, -3.53015e-01
 -7.320000000000e-07, -3.53015e-01
 -3.360000000000e-07, -3.53015e-01
  6.000000000002e-08, -1.52010e-01
  4.560000000000e-07,  4.89950e-02
  8.520000000000e-07,  2.50000e-01
  1.248000000000e-06,  4.51005e-01
  1.644000000000e-06,  6.52010e-01
  2.040000000000e-06,  6.52010e-01
  2.436000000000e-06,  6.52010e-01
  2.832000000000e-06,  6.52010e-01
  3.228000000000e-06,  8.53015e-01
  3.624000000000e-06,  1.05402e+00
  4.020000000000e-06,  8.53015e-01
  4.416000000000e-06,  1.25503e+00
  4.812000000000e-06,  1.25503e+00
  5.208000000000e-06,  1.05402e+00
  5.604000000000e-06,  1.05402e+00
  6.000000000000e-06,  8.53015e-01
  6.396000000000e-06,  1.05402e+00
  6.792000000000e-06,  1.25503e+00
  7.188000000000e-06,  1.25503e+00
  7.584000000000e-06,  1.45603e+00
  7.980000000000e-06,  1.25503e+00
  8.376000000000e-06,  8.53015e-01
  8.772000000000e-06,  8.53015e-01
  9.168000000000e-06,  1.05402e+00
  9.564000000000e-06,  8.53015e-01
  9.960000000000e-06,  1.05402e+00
  1.035600000000e-05,  1.05402e+00
  1.075200000000e-05,  8.53015e-01
  1.114800000000e-05,  6.52010e-01
  1.154400000000e-05,  4.51005e-01
  1.194000000000e-05,  4.51005e-01
  1.233600000000e-05,  4.51005e-01
  1.273200000000e-05,  4.51005e-01
  1.312800000000e-05,  6.52010e-01
  1.352400000000e-05,  2.50000e-01
  1.392000000000e-05,  4.89950e-02
  1.431600000000e-05, -1.52010e-01
  1.471200000000e-05, -5.54020e-01
  1.510800000000e-05, -5.54020e-01
  1.550400000000e-05, -5.54020e-01
  1.590000000000e-05, -7.55025e-01
  1.629600000000e-05, -1.15704e+00
  1.669200000000e-05, -1.35804e+00
  1.708800000000e-05, -1.76005e+00
  1.748400000000e-05, -2.36307e+00
  1.788000000000e-05, -2.76508e+00
  1.827600000000e-05, -2.56407e+00
  1.867200000000e-05, -3.16709e+00
  1.906800000000e-05, -3.77010e+00
  1.946400000000e-05, -4.17211e+00
  1.986000000000e-05, -4.37312e+00
  2.025600000000e-05, -5.17714e+00
  2.065200000000e-05, -5.78015e+00
  2.104800000000e-05, -5.78015e+00
  2.144400000000e-05, -5.98116e+00
  2.184000000000e-05, -6.78518e+00
  2.223600000000e-05, -7.18719e+00
  2.263200000000e-05, -7.18719e+00
  2.302800000000e-05, -7.79020e+00
  2.342400000000e-05, -8.39322e+00
  2.382000000000e-05, -8.59422e+00
  2.421600000000e-05, -8.59422e+00
  2.461200000000e-05, -8.99623e+00
  2.500800000000e-05, -9.59925e+00
  2.540400000000e-05, -9.59925e+00
  2.580000000000e-05, -1.00013e+01
  2.619600000000e-05, -1.02023e+01
  2.659200000000e-05, -1.02023e+01
  2.698800000000e-05, -1.04033e+01
  2.738400000000e-05, -1.04033e+01
  2.778000000000e-05, -1.08053e+01
  2.817600000000e-05, -1.06043e+01
  2.857200000000e-05, -1.08053e+01
  2.896800000000e-05, -1.10063e+01
  2.936400000000e-05, -1.10063e+01
  2.976000000000e-05, -1.08053e+01
  3.015600000000e-05, -1.08053e+01
  3.055200000000e-05, -1.08053e+01
  3.094800000000e-05, -1.08053e+01
  3.134400000000e-05, -1.04033e+01
  3.174000000000e-05, -1.08053e+01
  3.213600000000e-05, -1.08053e+01
  3.253200000000e-05, -1.02023e+01
  3.292800000000e-05, -1.00013e+01
  3.332400000000e-05, -1.02023e+01
  3.372000000000e-05, -1.00013e+01
  3.411600000000e-05, -9.59925e+00
  3.451200000000e-05, -9.59925e+00
  3.490800000000e-05, -9.80025e+00
  3.530400000000e-05, -9.19724e+00
  3.570000000000e-05, -8.79523e+00
  3.609600000000e-05, -8.79523e+00
  3.649200000000e-05, -8.79523e+00
  3.688800000000e-05, -8.19221e+00
  3.728400000000e-05, -8.19221e+00
  3.768000000000e-05, -8.39322e+00
  3.807600000000e-05, -7.99121e+00
  3.847200000000e-05, -7.58920e+00
  3.886800000000e-05, -7.58920e+00
  3.926400000000e-05, -7.58920e+00
  3.966000000000e-05, -7.18719e+00
  4.005600000000e-05, -6.98618e+00
  4.045200000000e-05, -7.18719e+00
  4.084800000000e-05, -6.98618e+00
  4.124400000000e-05, -6.58417e+00
  4.164000000000e-05, -6.38317e+00
  4.203600000000e-05, -6.58417e+00
  4.243200000000e-05, -6.38317e+00
  4.282800000000e-05, -6.18216e+00
  4.322400000000e-05, -6.38317e+00
  4.362000000000e-05, -6.38317e+00
  4.401600000000e-05, -5.98116e+00
  4.441200000000e-05, -5.78015e+00
  4.480800000000e-05, -6.18216e+00
  4.520400000000e-05, -6.18216e+00
  4.560000000000e-05, -5.78015e+00
  4.599600000000e-05, -5.98116e+00
  4.639200000000e-05, -6.18216e+00
  4.678800000000e-05, -5.98116e+00
  4.718400000000e-05, -5.78015e+00
  4.758000000000e-05, -5.98116e+00
  4.797600000000e-05, -6.18216e+00
  4.837200000000e-05, -5.98116e+00
  4.876800000000e-05, -5.98116e+00
  4.916400000000e-05, -6.58417e+00
  4.956000000000e-05, -6.38317e+00
  4.995600000000e-05, -5.98116e+00
  5.035200000000e-05, -6.18216e+00
  5.074800000000e-05, -6.58417e+00
  5.114400000000e-05, -6.38317e+00
  5.154000000000e-05, -6.58417e+00
  5.193600000000e-05, -6.98618e+00
  5.233200000000e-05, -6.98618e+00
  5.272800000000e-05, -6.78518e+00
  5.312400000000e-05, -6.78518e+00
  5.352000000000e-05, -7.18719e+00
  5.391600000000e-05, -7.18719e+00
  5.431200000000e-05, -7.18719e+00
  5.470800000000e-05, -7.58920e+00
  5.510400000000e-05, -7.99121e+00
  5.550000000000e-05, -7.58920e+00
  5.589600000000e-05, -7.79020e+00
  5.629200000000e-05, -7.99121e+00
  5.668800000000e-05, -8.39322e+00
  5.708400000000e-05, -8.39322e+00
  5.748000000000e-05, -8.79523e+00
  5.787600000000e-05, -9.39824e+00
  5.827200000000e-05, -9.39824e+00
  5.866800000000e-05, -9.59925e+00
  5.906400000000e-05, -1.00013e+01
  5.946000000000e-05, -1.02023e+01
  5.985600000000e-05, -1.04033e+01
  6.025200000000e-05, -1.06043e+01
  6.064800000000e-05, -1.12073e+01
  6.104400000000e-05, -1.14083e+01
  6.144000000000e-05, -1.16093e+01
  6.183600000000e-05, -1.18103e+01
  6.223200000000e-05, -1.22123e+01
  6.262800000000e-05, -1.24133e+01
  6.302400000000e-05, -1.26143e+01
  6.342000000000e-05, -1.30163e+01
  6.381600000000e-05, -1.32173e+01
  6.421200000000e-05, -1.32173e+01
  6.460800000000e-05, -1.36193e+01
  6.500400000000e-05, -1.36193e+01
  6.540000000000e-05, -1.38204e+01
  6.579600000000e-05, -1.38204e+01
  6.619200000000e-05, -1.40214e+01
  6.658800000000e-05, -1.40214e+01
  6.698400000000e-05, -1.42224e+01
  6.738000000000e-05, -1.42224e+01
  6.777600000000e-05, -1.42224e+01
  6.817200000000e-05, -1.42224e+01
  6.856800000000e-05, -1.42224e+01
  6.896400000000e-05, -1.42224e+01
  6.936000000000e-05, -1.42224e+01
  6.975600000000e-05, -1.44234e+01
  7.015200000000e-05, -1.44234e+01
  7.054800000000e-05, -1.44234e+01
  7.094400000000e-05, -1.42224e+01
  7.134000000000e-05, -1.40214e+01
  7.173600000000e-05, -1.40214e+01
  7.213200000000e-05, -1.38204e+01
  7.252800000000e-05, -1.36193e+01
  7.292400000000e-05, -1.32173e+01
  7.332000000000e-05, -1.32173e+01
  7.371600000000e-05, -1.30163e+01
  7.411200000000e-05, -1.28153e+01
  7.450800000000e-05, -1.28153e+01
  7.490400000000e-05, -1.30163e+01
  7.530000000000e-05, -1.26143e+01
  7.569600000000e-05, -1.22123e+01
  7.609200000000e-05, -1.20113e+01
  7.648800000000e-05, -1.22123e+01
  7.688400000000e-05, -1.20113e+01
  7.728000000000e-05, -1.18103e+01
  7.767600000000e-05, -1.20113e+01
  7.807200000000e-05, -1.20113e+01
  7.846800000000e-05, -1.14083e+01
  7.886400000000e-05, -1.14083e+01
  7.926000000000e-05, -1.16093e+01
  7.965600000000e-05, -1.14083e+01
  8.005200000000e-05, -1.12073e+01
  8.044800000000e-05, -1.14083e+01
  8.084400000000e-05, -1.14083e+01
  8.124000000000e-05, -1.12073e+01
  8.163600000000e-05, -1.10063e+01
  8.203200000000e-05, -1.12073e+01
  8.242800000000e-05, -1.12073e+01
  8.282400000000e-05, -1.10063e+01
  8.322000000000e-05, -1.12073e+01
  8.361600000000e-05, -1.12073e+01
  8.401200000000e-05, -1.12073e+01
  8.440800000000e-05, -1.08053e+01
  8.480400000000e-05, -1.10063e+01
  8.520000000000e-05, -1.12073e+01
  8.559600000000e-05, -1.10063e+01
  8.599200000000e-05, -1.12073e+01
  8.638800000000e-05, -1.12073e+01
  8.678400000000e-05, -1.12073e+01
  8.718000000000e-05, -1.10063e+01
  8.757600000000e-05, -1.12073e+01
  8.797200000000e-05, -1.14083e+01
  8.836800000000e-05, -1.12073e+01
  8.876400000000e-05, -1.14083e+01
  8.916000000000e-05, -1.16093e+01
  8.955600000000e-05, -1.16093e+01
  8.995200000000e-05, -1.14083e+01
  9.034800000000e-05, -1.14083e+01
  9.074400000000e-05, -1.18103e+01
  9.114000000000e-05, -1.16093e+01
  9.153600000000e-05, -1.16093e+01
  9.193200000000e-05, -1.18103e+01
  9.232800000000e-05, -1.20113e+01
  9.272400000000e-05, -1.18103e+01
  9.312000000000e-05, -1.18103e+01
  9.351600000000e-05, -1.20113e+01
  9.391200000000e-05, -1.20113e+01
  9.430800000000e-05, -1.20113e+01
  9.470400000000e-05, -1.20113e+01
  9.510000000000e-05, -1.24133e+01
  9.549600000000e-05, -1.20113e+01
  9.589200000000e-05, -1.20113e+01
  9.628800000000e-05, -1.24133e+01
  9.668400000000e-05, -1.22123e+01
  9.708000000000e-05, -1.22123e+01
  9.747600000000e-05, -1.22123e+01
  9.787200000000e-05, -1.24133e+01
  9.826800000000e-05, -1.24133e+01
  9.866400000000e-05, -1.22123e+01
  9.906000000000e-05, -1.24133e+01
  9.945600000000e-05, -1.24133e+01
  9.985200000000e-05, -1.22123e+01
  1.002480000000e-04, -1.22123e+01
  1.006440000000e-04, -1.24133e+01
  1.010400000000e-04, -1.24133e+01
  1.014360000000e-04, -1.22123e+01
  1.018320000000e-04, -1.22123e+01
  1.022280000000e-04, -1.24133e+01
  1.026240000000e-04, -1.22123e+01
  1.030200000000e-04, -1.22123e+01
  1.034160000000e-04, -1.24133e+01
  1.038120000000e-04, -1.22123e+01
  1.042080000000e-04, -1.20113e+01
  1.046040000000e-04, -1.22123e+01
  1.050000000000e-04, -1.22123e+01
  1.053960000000e-04, -1.20113e+01
  1.057920000000e-04, -1.22123e+01
  1.061880000000e-04, -1.20113e+01
  1.065840000000e-04, -1.22123e+01
  1.069800000000e-04, -1.18103e+01
  1.073760000000e-04, -1.18103e+01
  1.077720000000e-04, -1.20113e+01
  1.081680000000e-04, -1.20113e+01
  1.085640000000e-04, -1.18103e+01
  1.089600000000e-04, -1.20113e+01
  1.093560000000e-04, -1.20113e+01
  1.097520000000e-04, -1.18103e+01
  1.101480000000e-04, -1.18103e+01
  1.105440000000e-04, -1.18103e+01
  1.109400000000e-04, -1.20113e+01
  1.113360000000e-04, -1.18103e+01
  1.117320000000e-04, -1.18103e+01
  1.121280000000e-04, -1.20113e+01
  1.125240000000e-04, -1.18103e+01
  1.129200000000e-04, -1.16093e+01
  1.133160000000e-04, -1.18103e+01
  1.137120000000e-04, -1.18103e+01
  1.141080000000e-04, -1.16093e+01
  1.145040000000e-04, -1.16093e+01
  1.149000000000e-04, -1.20113e+01
  1.152960000000e-04, -1.18103e+01
  1.156920000000e-04, -1.16093e+01
  1.160880000000e-04, -1.18103e+01
  1.164840000000e-04, -1.18103e+01
  1.168800000000e-04, -1.16093e+01
  1.172760000000e-04, -1.18103e+01
  1.176720000000e-04, -1.20113e+01
  1.180680000000e-04, -1.18103e+01
  1.184640000000e-04, -1.16093e+01
  1.188600000000e-04, -1.18103e+01
  1.192560000000e-04, -1.20113e+01
  1.196520000000e-04, -1.18103e+01
  1.200480000000e-04, -1.20113e+01
  1.204440000000e-04, -1.20113e+01
  1.208400000000e-04, -1.20113e+01
  1.212360000000e-04, -1.18103e+01
  1.216320000000e-04, -1.18103e+01
  1.220280000000e-04, -1.18103e+01
  1.224240000000e-04, -1.20113e+01
  1.228200000000e-04, -1.18103e+01
  1.232160000000e-04, -1.20113e+01
  1.236120000000e-04, -1.22123e+01
  1.240080000000e-04, -1.20113e+01
  1.244040000000e-04, -1.18103e+01
  1.248000000000e-04, -1.20113e+01
  1.251960000000e-04, -1.20113e+01
  1.255920000000e-04, -1.20113e+01
  1.259880000000e-04, -1.20113e+01
  1.263840000000e-04, -1.22123e+01
  1.267800000000e-04, -1.20113e+01
  1.271760000000e-04, -1.18103e+01
  1.275720000000e-04, -1.20113e+01
  1.279680000000e-04, -1.20113e+01
  1.283640000000e-04, -1.20113e+01
  1.287600000000e-04, -1.20113e+01
  1.291560000000e-04, -1.22123e+01
  1.295520000000e-04, -1.20113e+01
  1.299480000000e-04, -1.20113e+01
  1.303440000000e-04, -1.20113e+01
  1.307400000000e-04, -1.20113e+01
  1.311360000000e-04, -1.20113e+01
  1.315320000000e-04, -1.20113e+01
  1.319280000000e-04, -1.20113e+01
  1.323240000000e-04, -1.22123e+01
  1.327200000000e-04, -1.18103e+01
  1.331160000000e-04, -1.18103e+01
  1.335120000000e-04, -1.20113e+01
  1.339080000000e-04, -1.20113e+01
  1.343040000000e-04, -1.16093e+01
  1.347000000000e-04, -1.18103e+01
  1.350960000000e-04, -1.20113e+01
  1.354920000000e-04, -1.16093e+01
  1.358880000000e-04, -1.12073e+01
  1.362840000000e-04, -1.14083e+01
  1.366800000000e-04, -1.12073e+01
  1.370760000000e-04, -1.08053e+01
  1.374720000000e-04, -1.08053e+01
  1.378680000000e-04, -1.08053e+01
  1.382640000000e-04, -1.04033e+01
  1.386600000000e-04, -9.80025e+00
  1.390560000000e-04, -9.80025e+00
  1.394520000000e-04, -9.80025e+00
  1.398480000000e-04, -9.19724e+00
  1.402440000000e-04, -8.99623e+00
  1.406400000000e-04, -9.19724e+00
  1.410360000000e-04, -8.79523e+00
  1.414320000000e-04, -8.19221e+00
  1.418280000000e-04, -7.99121e+00
  1.422240000000e-04, -7.99121e+00
  1.426200000000e-04, -7.79020e+00
  1.430160000000e-04, -7.38819e+00
  1.434120000000e-04, -7.38819e+00
  1.438080000000e-04, -7.38819e+00
  1.442040000000e-04, -6.58417e+00
  1.446000000000e-04, -6.38317e+00
  1.449960000000e-04, -6.58417e+00
  1.453920000000e-04, -6.18216e+00
  1.457880000000e-04, -5.98116e+00
  1.461840000000e-04, -6.18216e+00
  1.465800000000e-04, -6.18216e+00
  1.469760000000e-04, -5.78015e+00
  1.473720000000e-04, -5.37814e+00
  1.477680000000e-04, -5.37814e+00
  1.481640000000e-04, -5.57915e+00
  1.485600000000e-04, -5.37814e+00
  1.489560000000e-04, -5.37814e+00
  1.493520000000e-04, -5.78015e+00
  1.497480000000e-04, -5.37814e+00
  1.501440000000e-04, -4.97613e+00
  1.505400000000e-04, -5.17714e+00
  1.509360000000e-04, -5.37814e+00
  1.513320000000e-04, -5.37814e+00
  1.517280000000e-04, -5.37814e+00
  1.521240000000e-04, -5.78015e+00
  1.525200000000e-04, -5.78015e+00
  1.529160000000e-04, -5.37814e+00
  1.533120000000e-04, -5.57915e+00
  1.537080000000e-04, -5.78015e+00
  1.541040000000e-04, -5.78015e+00
  1.545000000000e-04, -5.78015e+00
  1.548960000000e-04, -6.18216e+00
  1.552920000000e-04, -6.58417e+00
  1.556880000000e-04, -6.18216e+00
  1.560840000000e-04, -6.18216e+00
  1.564800000000e-04, -6.58417e+00
  1.568760000000e-04, -6.58417e+00
  1.572720000000e-04, -6.78518e+00
  1.576680000000e-04, -6.98618e+00
  1.580640000000e-04, -7.38819e+00
  1.584600000000e-04, -6.98618e+00
  1.588560000000e-04, -6.98618e+00
  1.592520000000e-04, -7.18719e+00
  1.596480000000e-04, -7.38819e+00
  1.600440000000e-04, -7.58920e+00
  1.604400000000e-04, -7.58920e+00
  1.608360000000e-04, -7.99121e+00
  1.612320000000e-04, -7.79020e+00
  1.616280000000e-04, -7.38819e+00
  1.620240000000e-04, -7.79020e+00
  1.624200000000e-04, -7.99121e+00
  1.628160000000e-04, -7.79020e+00
  1.632120000000e-04, -7.99121e+00
  1.636080000000e-04, -8.39322e+00
  1.640040000000e-04, -8.19221e+00
  1.644000000000e-04, -7.99121e+00
  1.647960000000e-04, -7.99121e+00
  1.651920000000e-04, -8.19221e+00
  1.655880000000e-04, -7.99121e+00
  1.659840000000e-04, -8.19221e+00
  1.663800000000e-04, -8.39322e+00
  1.667760000000e-04, -8.59422e+00
  1.671720000000e-04, -7.99121e+00
  1.675680000000e-04, -7.99121e+00
  1.679640000000e-04, -8.39322e+00
  1.683600000000e-04, -8.19221e+00
  1.687560000000e-04, -7.99121e+00
  1.691520000000e-04, -8.19221e+00
  1.695480000000e-04, -8.59422e+00
  1.699440000000e-04, -7.99121e+00
  1.703400000000e-04, -7.79020e+00
  1.707360000000e-04, -7.99121e+00
  1.711320000000e-04, -7.99121e+00
  1.715280000000e-04, -7.79020e+00
  1.719240000000e-04, -7.99121e+00
  1.723200000000e-04, -8.19221e+00
  1.727160000000e-04, -7.79020e+00
  1.731120000000e-04, -7.38819e+00
  1.735080000000e-04, -7.58920e+00
  1.739040000000e-04, -7.58920e+00
  1.743000000000e-04, -7.38819e+00
  1.746960000000e-04, -7.18719e+00
  1.750920000000e-04, -7.38819e+00
  1.754880000000e-04, -6.98618e+00
  1.758840000000e-04, -6.38317e+00
  1.762800000000e-04, -5.98116e+00
  1.766760000000e-04, -5.98116e+00
  1.770720000000e-04, -5.78015e+00
  1.774680000000e-04, -5.37814e+00
  1.778640000000e-04, -5.37814e+00
  1.782600000000e-04, -4.77513e+00
  1.786560000000e-04, -4.17211e+00
  1.790520000000e-04, -3.77010e+00
  1.794480000000e-04, -3.36809e+00
  1.798440000000e-04, -3.16709e+00
  1.802400000000e-04, -2.96608e+00
  1.806360000000e-04, -2.36307e+00
  1.810320000000e-04, -2.16206e+00
  1.814280000000e-04, -1.35804e+00
  1.818240000000e-04, -1.15704e+00
  1.822200000000e-04, -5.54020e-01
  1.826160000000e-04, -1.52010e-01
  1.830120000000e-04, -3.53015e-01
  1.834080000000e-04,  4.89950e-02
  1.838040000000e-04,  6.52010e-01
  1.842000000000e-04,  8.53015e-01
  1.845960000000e-04,  1.45603e+00
  1.849920000000e-04,  1.85804e+00
  1.853880000000e-04,  2.05905e+00
  1.857840000000e-04,  2.05905e+00
  1.861800000000e-04,  2.05905e+00
  1.865760000000e-04,  2.46106e+00
  1.869720000000e-04,  2.66206e+00
  1.873680000000e-04,  2.86307e+00
  1.877640000000e-04,  3.06407e+00
  1.881600000000e-04,  3.26508e+00
  1.885560000000e-04,  3.06407e+00
  1.889520000000e-04,  2.86307e+00
  1.893480000000e-04,  3.06407e+00
  1.897440000000e-04,  3.06407e+00
  1.901400000000e-04,  3.06407e+00
  1.905360000000e-04,  3.26508e+00
  1.909320000000e-04,  3.26508e+00
  1.913280000000e-04,  3.06407e+00
  1.917240000000e-04,  2.86307e+00
  1.921200000000e-04,  2.86307e+00
  1.925160000000e-04,  2.86307e+00
  1.929120000000e-04,  2.66206e+00
  1.933080000000e-04,  2.66206e+00
  1.937040000000e-04,  2.66206e+00
  1.941000000000e-04,  2.46106e+00
  1.944960000000e-04,  2.05905e+00
  1.948920000000e-04,  1.85804e+00
  1.952880000000e-04,  1.85804e+00
  1.956840000000e-04,  1.65704e+00
  1.960800000000e-04,  1.65704e+00
  1.964760000000e-04,  1.45603e+00
  1.968720000000e-04,  1.25503e+00
  1.972680000000e-04,  8.53015e-01
  1.976640000000e-04,  6.52010e-01
  1.980600000000e-04,  4.51005e-01
  1.984560000000e-04,  4.51005e-01
  1.988520000000e-04,  2.50000e-01
  1.992480000000e-04,  2.50000e-01
  1.996440000000e-04,  4.89950e-02
  2.000400000000e-04, -1.52010e-01
  2.004360000000e-04, -3.53015e-01
  2.008320000000e-04, -7.55025e-01
  2.012280000000e-04, -7.55025e-01
  2.016240000000e-04, -7.55025e-01
  2.020200000000e-04, -7.55025e-01
  2.024160000000e-04, -7.55025e-01
  2.028120000000e-04, -9.56030e-01
  2.032080000000e-04, -1.15704e+00
  2.036040000000e-04, -1.35804e+00
  2.040000000000e-04, -1.35804e+00
  2.043960000000e-04, -1.35804e+00
  2.047920000000e-04, -1.15704e+00
  2.051880000000e-04, -1.15704e+00
  2.055840000000e-04, -1.35804e+00
  2.059800000000e-04, -1.35804e+00
  2.063760000000e-04, -1.35804e+00
  2.067720000000e-04, -1.55905e+00
  2.071680000000e-04, -1.35804e+00
  2.075640000000e-04, -1.15704e+00
  2.079600000000e-04, -1.15704e+00
  2.083560000000e-04, -1.15704e+00
  2.087520000000e-04, -1.35804e+00
  2.091480000000e-04, -1.35804e+00
  2.095440000000e-04, -1.35804e+00
  2.099400000000e-04, -1.15704e+00
  2.103360000000e-04, -1.15704e+00
  2.107320000000e-04, -7.55025e-01
  2.111280000000e-04, -7.55025e-01
  2.115240000000e-04, -7.55025e-01
  2.119200000000e-04, -9.56030e-01
  2.123160000000e-04, -7.55025e-01
  2.127120000000e-04, -7.55025e-01
  2.131080000000e-04, -5.54020e-01
  2.135040000000e-04, -3.53015e-01
  2.139000000000e-04,  4.89950e-02
  2.142960000000e-04, -1.52010e-01
  2.146920000000e-04, -1.52010e-01
  2.150880000000e-04,  4.89950e-02
  2.154840000000e-04,  4.51005e-01
  2.158800000000e-04,  6.52010e-01
  2.162760000000e-04,  8.53015e-01
  2.166720000000e-04,  1.45603e+00
  2.170680000000e-04,  1.85804e+00
  2.174640000000e-04,  1.85804e+00
  2.178600000000e-04,  2.05905e+00
  2.182560000000e-04,  2.66206e+00
  2.186520000000e-04,  3.06407e+00
  2.190480000000e-04,  3.46608e+00
  2.194440000000e-04,  4.06910e+00
  2.198400000000e-04,  4.67211e+00
  2.202360000000e-04,  4.67211e+00
  2.206320000000e-04,  4.87312e+00
  2.210280000000e-04,  5.47613e+00
  2.214240000000e-04,  6.07915e+00
  2.218200000000e-04,  6.28015e+00
  2.222160000000e-04,  6.88317e+00
  2.226120000000e-04,  7.48618e+00
  2.230080000000e-04,  7.48618e+00
  2.234040000000e-04,  7.68719e+00
  2.238000000000e-04,  8.08920e+00
  2.241960000000e-04,  8.69221e+00
  2.245920000000e-04,  8.89322e+00
  2.249880000000e-04,  9.29523e+00
  2.253840000000e-04,  9.69724e+00
  2.257800000000e-04,  9.69724e+00
  2.261760000000e-04,  9.69724e+00
  2.265720000000e-04,  9.89824e+00
  2.269680000000e-04,  1.03003e+01
  2.273640000000e-04,  1.03003e+01
  2.277600000000e-04,  1.05013e+01
  2.281560000000e-04,  1.07023e+01
  2.285520000000e-04,  1.07023e+01
  2.289480000000e-04,  1.05013e+01
  2.293440000000e-04,  1.05013e+01
  2.297400000000e-04,  1.07023e+01
  2.301360000000e-04,  1.07023e+01
  2.305320000000e-04,  1.05013e+01
  2.309280000000e-04,  1.07023e+01
  2.313240000000e-04,  1.07023e+01
  2.317200000000e-04,  1.03003e+01
  2.321160000000e-04,  1.00992e+01
  2.325120000000e-04,  1.03003e+01
  2.329080000000e-04,  1.00992e+01
  2.333040000000e-04,  9.89824e+00
  2.337000000000e-04,  9.69724e+00
  2.340960000000e-04,  9.89824e+00
  2.344920000000e-04,  9.29523e+00
  2.348880000000e-04,  8.89322e+00
  2.352840000000e-04,  9.09422e+00
  2.356800000000e-04,  8.89322e+00
  2.360760000000e-04,  8.49121e+00
  2.364720000000e-04,  8.49121e+00
  2.368680000000e-04,  8.69221e+00
  2.372640000000e-04,  8.29020e+00
  2.376600000000e-04,  7.68719e+00
  2.380560000000e-04,  7.68719e+00
  2.384520000000e-04,  7.68719e+00
  2.388480000000e-04,  7.48618e+00
  2.392440000000e-04,  7.28518e+00
  2.396400000000e-04,  7.48618e+00
  2.400360000000e-04,  7.08417e+00
  2.404320000000e-04,  6.48116e+00
  2.408280000000e-04,  6.28015e+00
  2.412240000000e-04,  6.68216e+00
  2.416200000000e-04,  6.48116e+00
  2.420160000000e-04,  6.07915e+00
  2.424120000000e-04,  6.28015e+00
  2.428080000000e-04,  6.28015e+00
  2.432040000000e-04,  6.07915e+00
  2.436000000000e-04,  5.67714e+00
  2.439960000000e-04,  6.07915e+00
  2.443920000000e-04,  5.87814e+00
  2.447880000000e-04,  5.87814e+00
  2.451840000000e-04,  5.87814e+00
  2.455800000000e-04,  6.07915e+00
  2.459760000000e-04,  5.87814e+00
  2.463720000000e-04,  5.47613e+00
  2.467680000000e-04,  5.67714e+00
  2.471640000000e-04,  5.67714e+00
  2.475600000000e-04,  5.67714e+00
  2.479560000000e-04,  5.87814e+00
  2.483520000000e-04,  6.07915e+00
  2.487480000000e-04,  6.07915e+00
  2.491440000000e-04,  5.67714e+00
  2.495400000000e-04,  6.07915e+00
  2.499360000000e-04,  6.07915e+00
  2.503320000000e-04,  6.07915e+00
  2.507280000000e-04,  6.28015e+00
  2.511240000000e-04,  6.68216e+00
  2.515200000000e-04,  6.68216e+00
  2.519160000000e-04,  6.28015e+00
  2.523120000000e-04,  6.28015e+00
  2.527080000000e-04,  6.68216e+00
  2.531040000000e-04,  6.68216e+00
  2.535000000000e-04,  6.68216e+00
  2.538960000000e-04,  7.08417e+00
  2.542920000000e-04,  7.28518e+00
  2.546880000000e-04,  7.28518e+00
  2.550840000000e-04,  7.08417e+00
  2.554800000000e-04,  7.48618e+00
  2.558760000000e-04,  7.88819e+00
  2.562720000000e-04,  7.68719e+00
  2.566680000000e-04,  8.29020e+00
  2.570640000000e-04,  8.69221e+00
  2.574600000000e-04,  8.69221e+00
  2.578560000000e-04,  8.69221e+00
  2.582520000000e-04,  9.09422e+00
  2.586480000000e-04,  9.49623e+00
  2.590440000000e-04,  9.49623e+00
  2.594400000000e-04,  9.69724e+00
  2.598360000000e-04,  1.03003e+01
  2.602320000000e-04,  1.05013e+01
  2.606280000000e-04,  1.07023e+01
  2.610240000000e-04,  1.11043e+01
  2.614200000000e-04,  1.13053e+01
  2.618160000000e-04,  1.17073e+01
  2.622120000000e-04,  1.19083e+01
  2.626080000000e-04,  1.21093e+01
  2.630040000000e-04,  1.25113e+01
  2.634000000000e-04,  1.27123e+01
  2.637960000000e-04,  1.31143e+01
  2.641920000000e-04,  1.31143e+01
  2.645880000000e-04,  1.33153e+01
  2.649840000000e-04,  1.33153e+01
  2.653800000000e-04,  1.35163e+01
  2.657760000000e-04,  1.37173e+01
  2.661720000000e-04,  1.37173e+01
  2.665680000000e-04,  1.39183e+01
  2.669640000000e-04,  1.39183e+01
  2.673600000000e-04,  1.39183e+01
  2.677560000000e-04,  1.41193e+01
  2.681520000000e-04,  1.41193e+01
  2.685480000000e-04,  1.41193e+01
  2.689440000000e-04,  1.41193e+01
  2.693400000000e-04,  1.41193e+01
  2.697360000000e-04,  1.41193e+01
  2.701320000000e-04,  1.41193e+01
  2.705280000000e-04,  1.41193e+01
  2.709240000000e-04,  1.41193e+01
  2.713200000000e-04,  1.41193e+01
  2.717160000000e-04,  1.39183e+01
  2.721120000000e-04,  1.35163e+01
  2.725080000000e-04,  1.35163e+01
  2.729040000000e-04,  1.33153e+01
  2.733000000000e-04,  1.31143e+01
  2.736960000000e-04,  1.31143e+01
  2.740920000000e-04,  1.31143e+01
  2.744880000000e-04,  1.27123e+01
  2.748840000000e-04,  1.23103e+01
  2.752800000000e-04,  1.23103e+01
  2.756760000000e-04,  1.23103e+01
  2.760720000000e-04,  1.19083e+01
  2.764680000000e-04,  1.19083e+01
  2.768640000000e-04,  1.19083e+01
  2.772600000000e-04,  1.17073e+01
  2.776560000000e-04,  1.15063e+01
  2.780520000000e-04,  1.15063e+01
  2.784480000000e-04,  1.15063e+01
  2.788440000000e-04,  1.13053e+01
  2.792400000000e-04,  1.11043e+01
  2.796360000000e-04,  1.13053e+01
  2.800320000000e-04,  1.11043e+01
  2.804280000000e-04,  1.09033e+01
  2.808240000000e-04,  1.09033e+01
  2.812200000000e-04,  1.09033e+01
  2.816160000000e-04,  1.09033e+01
  2.820120000000e-04,  1.09033e+01
  2.824080000000e-04,  1.09033e+01
  2.828040000000e-04,  1.09033e+01
  2.832000000000e-04,  1.07023e+01
  2.835960000000e-04,  1.07023e+01
  2.839920000000e-04,  1.07023e+01
  2.843880000000e-04,  1.09033e+01
  2.847840000000e-04,  1.07023e+01
  2.851800000000e-04,  1.07023e+01
  2.855760000000e-04,  1.11043e+01
  2.859720000000e-04,  1.09033e+01
  2.863680000000e-04,  1.07023e+01
  2.867640000000e-04,  1.09033e+01
  2.871600000000e-04,  1.11043e+01
  2.875560000000e-04,  1.09033e+01
  2.879520000000e-04,  1.09033e+01
  2.883480000000e-04,  1.11043e+01
  2.887440000000e-04,  1.13053e+01
  2.891400000000e-04,  1.11043e+01
  2.895360000000e-04,  1.11043e+01
  2.899320000000e-04,  1.13053e+01
  2.903280000000e-04,  1.13053e+01
  2.907240000000e-04,  1.13053e+01
  2.911200000000e-04,  1.15063e+01
  2.915160000000e-04,  1.15063e+01
  2.919120000000e-04,  1.15063e+01
  2.923080000000e-04,  1.15063e+01
  2.927040000000e-04,  1.17073e+01
  2.931000000000e-04,  1.17073e+01
  2.934960000000e-04,  1.17073e+01
  2.938920000000e-04,  1.17073e+01
  2.942880000000e-04,  1.19083e+01
  2.946840000000e-04,  1.19083e+01
  2.950800000000e-04,  1.19083e+01
  2.954760000000e-04,  1.19083e+01
  2.958720000000e-04,  1.19083e+01
  2.962680000000e-04,  1.19083e+01
  2.966640000000e-04,  1.21093e+01
  2.970600000000e-04,  1.21093e+01
  2.974560000000e-04,  1.21093e+01
  2.978520000000e-04,  1.21093e+01
  2.982480000000e-04,  1.21093e+01
  2.986440000000e-04,  1.21093e+01
  2.990400000000e-04,  1.21093e+01
  2.994360000000e-04,  1.21093e+01
  2.998320000000e-04,  1.21093e+01
  3.002280000000e-04,  1.23103e+01
  3.006240000000e-04,  1.21093e+01
  3.010200000000e-04,  1.21093e+01
  3.014160000000e-04,  1.21093e+01
  3.018120000000e-04,  1.21093e+01
  3.022080000000e-04,  1.19083e+01
  3.026040000000e-04,  1.21093e+01
  3.030000000000e-04,  1.21093e+01
  3.033960000000e-04,  1.19083e+01
  3.037920000000e-04,  1.19083e+01
  3.041880000000e-04,  1.21093e+01
  3.045840000000e-04,  1.19083e+01
  3.049800000000e-04,  1.19083e+01
  3.053760000000e-04,  1.19083e+01
  3.057720000000e-04,  1.19083e+01
  3.061680000000e-04,  1.17073e+01
  3.065640000000e-04,  1.19083e+01
  3.069600000000e-04,  1.21093e+01
  3.073560000000e-04,  1.17073e+01
  3.077520000000e-04,  1.17073e+01
  3.081480000000e-04,  1.17073e+01
  3.085440000000e-04,  1.19083e+01
  3.089400000000e-04,  1.17073e+01
  3.093360000000e-04,  1.17073e+01
  3.097320000000e-04,  1.17073e+01
  3.101280000000e-04,  1.17073e+01
  3.105240000000e-04,  1.15063e+01
  3.109200000000e-04,  1.17073e+01
  3.113160000000e-04,  1.17073e+01
  3.117120000000e-04,  1.15063e+01
  3.121080000000e-04,  1.15063e+01
  3.125040000000e-04,  1.15063e+01
  3.129000000000e-04,  1.17073e+01
  3.132960000000e-04,  1.15063e+01
  3.136920000000e-04,  1.13053e+01
  3.140880000000e-04,  1.17073e+01
  3.144840000000e-04,  1.15063e+01
  3.148800000000e-04,  1.15063e+01
  3.152760000000e-04,  1.15063e+01
  3.156720000000e-04,  1.15063e+01
  3.160680000000e-04,  1.15063e+01
  3.164640000000e-04,  1.15063e+01
  3.168600000000e-04,  1.17073e+01
  3.172560000000e-04,  1.17073e+01
  3.176520000000e-04,  1.15063e+01
  3.180480000000e-04,  1.15063e+01
  3.184440000000e-04,  1.17073e+01
  3.188400000000e-04,  1.15063e+01
  3.192360000000e-04,  1.15063e+01
  3.196320000000e-04,  1.17073e+01
  3.200280000000e-04,  1.17073e+01
  3.204240000000e-04,  1.15063e+01
  3.208200000000e-04,  1.15063e+01
  3.212160000000e-04,  1.17073e+01
  3.216120000000e-04,  1.15063e+01
  3.220080000000e-04,  1.15063e+01
  3.224040000000e-04,  1.17073e+01
  3.228000000000e-04,  1.19083e+01
  3.231960000000e-04,  1.15063e+01
  3.235920000000e-04,  1.17073e+01
  3.239880000000e-04,  1.17073e+01
  3.243840000000e-04,  1.17073e+01
  3.247800000000e-04,  1.17073e+01
  3.251760000000e-04,  1.17073e+01
  3.255720000000e-04,  1.19083e+01
  3.259680000000e-04,  1.17073e+01
  3.263640000000e-04,  1.17073e+01
  3.267600000000e-04,  1.19083e+01
  3.271560000000e-04,  1.19083e+01
  3.275520000000e-04,  1.17073e+01
  3.279480000000e-04,  1.19083e+01
  3.283440000000e-04,  1.19083e+01
  3.287400000000e-04,  1.19083e+01
  3.291360000000e-04,  1.17073e+01
  3.295320000000e-04,  1.17073e+01
  3.299280000000e-04,  1.19083e+01
  3.303240000000e-04,  1.17073e+01
  3.307200000000e-04,  1.17073e+01
  3.311160000000e-04,  1.19083e+01
  3.315120000000e-04,  1.17073e+01
  3.319080000000e-04,  1.17073e+01
  3.323040000000e-04,  1.17073e+01
  3.327000000000e-04,  1.19083e+01
  3.330960000000e-04,  1.15063e+01
  3.334920000000e-04,  1.15063e+01
  3.338880000000e-04,  1.15063e+01
  3.342840000000e-04,  1.17073e+01
  3.346800000000e-04,  1.13053e+01
  3.350760000000e-04,  1.13053e+01
  3.354720000000e-04,  1.13053e+01
  3.358680000000e-04,  1.13053e+01
  3.362640000000e-04,  1.09033e+01
  3.366600000000e-04,  1.09033e+01
  3.370560000000e-04,  1.09033e+01
  3.374520000000e-04,  1.03003e+01
  3.378480000000e-04,  1.00992e+01
  3.382440000000e-04,  1.00992e+01
  3.386400000000e-04,  9.89824e+00
  3.390360000000e-04,  9.69724e+00
  3.394320000000e-04,  9.49623e+00
  3.398280000000e-04,  9.49623e+00
  3.402240000000e-04,  8.89322e+00
  3.406200000000e-04,  8.49121e+00
  3.410160000000e-04,  8.29020e+00
  3.414120000000e-04,  8.49121e+00
  3.418080000000e-04,  7.88819e+00
  3.422040000000e-04,  7.68719e+00
  3.426000000000e-04,  7.68719e+00
  3.429960000000e-04,  7.28518e+00
  3.433920000000e-04,  6.68216e+00
  3.437880000000e-04,  6.68216e+00
  3.441840000000e-04,  6.68216e+00
  3.445800000000e-04,  6.48116e+00
  3.449760000000e-04,  6.28015e+00
  3.453720000000e-04,  6.28015e+00
  3.457680000000e-04,  6.07915e+00
  3.461640000000e-04,  5.67714e+00
  3.465600000000e-04,  5.47613e+00
  3.469560000000e-04,  5.47613e+00
  3.473520000000e-04,  5.47613e+00
  3.477480000000e-04,  5.27513e+00
  3.481440000000e-04,  5.47613e+00
  3.485400000000e-04,  5.47613e+00
  3.489360000000e-04,  5.27513e+00
  3.493320000000e-04,  4.87312e+00
  3.497280000000e-04,  5.07412e+00
  3.501240000000e-04,  5.27513e+00
  3.505200000000e-04,  5.07412e+00
  3.509160000000e-04,  5.27513e+00
  3.513120000000e-04,  5.47613e+00
  3.517080000000e-04,  5.27513e+00
  3.521040000000e-04,  5.07412e+00
  3.525000000000e-04,  5.27513e+00
  3.528960000000e-04,  5.47613e+00
  3.532920000000e-04,  5.47613e+00
  3.536880000000e-04,  5.47613e+00
  3.540840000000e-04,  6.07915e+00
  3.544800000000e-04,  5.87814e+00
  3.548760000000e-04,  5.67714e+00
  3.552720000000e-04,  5.87814e+00
  3.556680000000e-04,  6.07915e+00
  3.560640000000e-04,  6.28015e+00
  3.564600000000e-04,  6.28015e+00
  3.568560000000e-04,  6.68216e+00
  3.572520000000e-04,  6.68216e+00
  3.576480000000e-04,  6.48116e+00
  3.580440000000e-04,  6.48116e+00
  3.584400000000e-04,  6.88317e+00
  3.588360000000e-04,  7.08417e+00
  3.592320000000e-04,  6.88317e+00
  3.596280000000e-04,  7.28518e+00
  3.600240000000e-04,  7.48618e+00
  3.604200000000e-04,  7.28518e+00
  3.608160000000e-04,  7.28518e+00
  3.612120000000e-04,  7.48618e+00
  3.616080000000e-04,  7.68719e+00
  3.620040000000e-04,  7.48618e+00
  3.624000000000e-04,  7.68719e+00
  3.627960000000e-04,  7.88819e+00
  3.631920000000e-04,  7.88819e+00
  3.635880000000e-04,  7.48618e+00
  3.639840000000e-04,  7.68719e+00
  3.643800000000e-04,  8.08920e+00
  3.647760000000e-04,  7.88819e+00
  3.651720000000e-04,  7.88819e+00
  3.655680000000e-04,  8.29020e+00
  3.659640000000e-04,  8.29020e+00
  3.663600000000e-04,  7.68719e+00
  3.667560000000e-04,  7.88819e+00
  3.671520000000e-04,  8.08920e+00
  3.675480000000e-04,  8.08920e+00
  3.679440000000e-04,  7.88819e+00
  3.683400000000e-04,  8.29020e+00
  3.687360000000e-04,  8.29020e+00
  3.691320000000e-04,  7.88819e+00
  3.695280000000e-04,  7.48618e+00
  3.699240000000e-04,  7.88819e+00
  3.703200000000e-04,  7.88819e+00
  3.707160000000e-04,  7.68719e+00
  3.711120000000e-04,  7.88819e+00
  3.715080000000e-04,  7.88819e+00
  3.719040000000e-04,  7.48618e+00
  3.723000000000e-04,  7.28518e+00
  3.726960000000e-04,  7.68719e+00
  3.730920000000e-04,  7.68719e+00
  3.734880000000e-04,  7.28518e+00
  3.738840000000e-04,  7.48618e+00
  3.742800000000e-04,  7.48618e+00
  3.746760000000e-04,  7.28518e+00
  3.750720000000e-04,  6.48116e+00
  3.754680000000e-04,  6.68216e+00
  3.758640000000e-04,  6.68216e+00
  3.762600000000e-04,  6.07915e+00
  3.766560000000e-04,  5.87814e+00
  3.770520000000e-04,  5.67714e+00
  3.774480000000e-04,  5.27513e+00
  3.778440000000e-04,  4.67211e+00
  3.782400000000e-04,  4.47111e+00
  3.786360000000e-04,  4.06910e+00
  3.790320000000e-04,  3.66709e+00
  3.794280000000e-04,  3.46608e+00
  3.798240000000e-04,  3.06407e+00
  3.802200000000e-04,  2.66206e+00
  3.806160000000e-04,  2.26005e+00
  3.810120000000e-04,  1.65704e+00
  3.814080000000e-04,  1.25503e+00
  3.818040000000e-04,  8.53015e-01
  3.822000000000e-04,  6.52010e-01
  3.825960000000e-04,  2.50000e-01
  3.829920000000e-04, -1.52010e-01
  3.833880000000e-04, -5.54020e-01
  3.837840000000e-04, -7.55025e-01
  3.841800000000e-04, -1.35804e+00
  3.845760000000e-04, -1.76005e+00
  3.849720000000e-04, -1.55905e+00
  3.853680000000e-04, -1.96106e+00
  3.857640000000e-04, -2.16206e+00
  3.861600000000e-04, -2.36307e+00
  3.865560000000e-04, -2.56407e+00
  3.869520000000e-04, -2.96608e+00
  3.873480000000e-04, -3.16709e+00
  3.877440000000e-04, -3.16709e+00
  3.881400000000e-04, -2.96608e+00
  3.885360000000e-04, -3.16709e+00
  3.889320000000e-04, -3.36809e+00
  3.893280000000e-04, -3.36809e+00